slot,publish,slug,category,name_en,name_ar,description_en,description_ar,image_local_path,image_source_url,client,status,year,location
1,yes,al-masoura-bridge,bridges,Al-Masoura Bridge,كوبري الماسورة,,,,,,,,
2,yes,al-mehwar,roads,Al-Mehwar,المحور,,,,,,,,
3,yes,regional-ring-road,ring-roads,Regional Ring Road,الطريق الدائري الإقليمي,,,,,,,,
4,yes,tanta,urban-works,Tanta,طنطا,,,,,,,,
5,yes,al-hussania,roads,Al-Hussania,الحسينية,,,,,,,,
6,yes,abo-hammad,other,Abo-Hammad,أبو حماد,,,,,,,,
7,yes,al-nofaa,roads,Al-Nofaa,النفعة,,,,,,,,
8,yes,al-salhia,roads,Al-Salhia,الصالحية,,,,,,,,
9,no,,,,,,,,,,,,
10,no,,,,,,,,,,,,
11,no,,,,,,,,,,,,
12,no,,,,,,,,,,,,
13,no,,,,,,,,,,,,
14,no,,,,,,,,,,,,
15,no,,,,,,,,,,,,
16,no,,,,,,,,,,,,
17,no,,,,,,,,,,,,
18,no,,,,,,,,,,,,
19,no,,,,,,,,,,,,
20,no,,,,,,,,,,,,
21,no,,,,,,,,,,,,
22,no,,,,,,,,,,,,
23,no,,,,,,,,,,,,
24,no,,,,,,,,,,,,
25,no,,,,,,,,,,,,
26,no,,,,,,,,,,,,
27,no,,,,,,,,,,,,
28,no,,,,,,,,,,,,
29,no,,,,,,,,,,,,
30,no,,,,,,,,,,,,
31,no,,,,,,,,,,,,
32,no,,,,,,,,,,,,
33,no,,,,,,,,,,,,
34,no,,,,,,,,,,,,
35,no,,,,,,,,,,,,
36,no,,,,,,,,,,,,
37,no,,,,,,,,,,,,
38,no,,,,,,,,,,,,
39,no,,,,,,,,,,,,
40,no,,,,,,,,,,,,
